"","term","estimate","std.error","statistic","p.value"
"1","(Intercept)",254.813134260157,24.2945317864074,10.4884974322791,6.71767318802026e-14
"2","mean.two",305.795863175109,38.2007397348525,8.0049722936678,2.50409228190112e-10
