"","term","estimate","std.error","statistic","p.value"
"1","(Intercept)",11.4919719589408,1.18446070812997,9.70228212726816,8.41660288876796e-13
"2","mean.two",6.12360089768518,1.86244689279205,3.28793316007262,0.00191538735021141
