"","term","estimate","std.error","statistic","p.value"
"1","(Intercept)",209.396674141217,18.7479245067347,11.1690589572193,8.01830235334951e-15
"2","mean.nine",231.65739955979,28.6637279895412,8.08190056939965,1.92283726013335e-10
