"","term","estimate","std.error","statistic","p.value"
"1","(Intercept)",0.94025559670646,0.118235263648641,7.95241256872919,3.00011515273737e-10
"2","mean.three",-0.320401643063373,0.173671726998356,-1.84486933251033,0.0713630793374195
