"","term","estimate","std.error","statistic","p.value"
"1","(Intercept)",1.1394257975579,0.225527397573366,5.05227218430183,7.04778361102455e-06
"2","mean.two",-0.466890014002588,0.354619446611397,-1.31659450282269,0.194358862308677
